lamb,g
shrimp,lb
nutmeg,tsp
thyme,tbsp
carrot,piece
butter,tbsp
sausage,lb
yogurt,ml
parsley,g
lamb,lb
soy sauce,tbsp
chili powder,tbsp
chicken,kg
kale,cup
banana,piece
lettuce,cup
potato,g
watermelon,g
carrot,piece
milk,cup
peas,piece
garlic,piece
potato,g
kale,cup
raspberry,g
nutmeg,tsp
raspberry,piece
curry powder,tbsp
pasta,g
lamb,g
corn,piece
apple,piece
chili powder,g
mustard,tbsp
ketchup,ml
yogurt,tbsp
oil,tbsp
chicken,kg
pasta,tbsp
milk,cup
lemon,g
fish,lb
orange,g
onion,piece
garlic,piece
mustard,cup
mayonnaise,tbsp
apple,piece
lamb,lb
cinnamon,g
lettuce,cup
chicken,kg
nutmeg,tsp
shrimp,lb
carrot,g
pepper,tbsp
clove,g
orange,g
oregano,g
butter,tsp
pepper,g
blueberry,g
chili powder,tbsp
nutmeg,g
clove,g
tomato,g
curry powder,tsp
onion,piece
cream,tbsp
bacon,oz
raspberry,g
bread,tbsp
strawberry,piece
strawberry,piece
raspberry,g
carrot,g
sugar,piece
chicken,lb
bread,tbsp
corn,piece
yogurt,ml
grape,piece
raspberry,piece
sugar,g
carrot,g
turmeric,tbsp
oil,ml
chicken,g
spinach,g
raspberry,piece
clove,tsp
pepper,tsp
watermelon,g
sugar,g
carrot,g
kale,cup
potato,piece
chicken,lb
cream,cup
mayonnaise,tbsp
yogurt,ml
watermelon,g
tomato,piece
kale,g
sausage,kg
grape,piece
ketchup,l
curry powder,tsp
fish,lb
raspberry,piece
oil,tbsp
egg,piece
ketchup,l
peas,piece
parsley,g
garlic,g
chicken,kg
shrimp,oz
cream,cup
banana,g
butter,tbsp
honey,cup
potato,g
mustard,tbsp
honey,tbsp
butter,tbsp
oil,l
basil,g
mustard,l
mustard,ml
beef,g
raspberry,g
kale,g
shrimp,kg
milk,tbsp
egg,g
mustard,l
milk,cup
chili powder,g
lemon,piece
carrot,piece
garlic,g
orange,piece
parsley,cup
cinnamon,g
spinach,g
milk,l
fish,lb
flour,tbsp
salt,g
garlic,piece
pasta,tbsp
curry powder,g
tomato,piece
sausage,kg
turmeric,tbsp
chicken,lb
lamb,kg
sausage,g
cheese,g
cinnamon,tbsp
apple,g
salt,tsp
pasta,tbsp
egg,g
pasta,g
nutmeg,tsp
parsley,g
shrimp,g
kale,g
nutmeg,g
curry powder,tbsp
onion,g
basil,g
cinnamon,g
shrimp,g
cheese,g
kale,cup
basil,g
sausage,g
oregano,tsp
cream,l
blueberry,piece
onion,piece
beef,g
chicken,kg
oregano,tbsp
kale,g
parsley,cup
honey,l
oil,cup
yogurt,tsp
lettuce,cup
fish,oz
oregano,tsp
butter,ml
yogurt,ml
beef,kg
fish,lb
butter,tsp
salt,g
rice,g
shrimp,oz
clove,tsp
soy sauce,tbsp
vinegar,cup
apple,piece
lime,piece
lemon,g
watermelon,g
bread,g
blueberry,piece
raspberry,piece
sausage,oz
onion,piece
spinach,g
egg,piece
blueberry,g
pork,oz
beef,oz
lime,piece
salt,g
nutmeg,tsp
pork,lb
garlic,piece
strawberry,piece
oil,ml
garlic,piece
carrot,piece
turmeric,g
vinegar,ml
beef,lb
sugar,g
honey,tbsp
soy sauce,ml
clove,tbsp
rice,cup
lime,piece
milk,cup
nutmeg,tbsp
lime,piece
banana,g
lemon,piece
flour,cup
bread,tbsp
watermelon,piece
watermelon,piece
curry powder,tsp
cream,tbsp
shrimp,oz
spinach,cup
cheese,g
pepper,g
thyme,tsp
kale,g
bacon,g
clove,tbsp
clove,g
vinegar,tbsp
potato,piece
potato,piece
ketchup,l
bread,g
cream,l
butter,tsp
watermelon,g
lime,piece
kale,cup
butter,tsp
parsley,g
lime,g
lamb,kg
sugar,piece
spinach,cup
parsley,g
pork,g
onion,g
pork,lb
turmeric,tsp
mustard,tbsp
strawberry,g
pork,lb
salt,tsp
parsley,cup
parsley,cup
pork,lb
peas,g
tomato,g
chili powder,tsp
orange,piece
rice,tbsp
chicken,oz
butter,tbsp
soy sauce,ml
salt,g
corn,piece
cream,cup
curry powder,g
lettuce,cup
apple,piece
blueberry,g
egg,g
oregano,g
ketchup,ml
lemon,piece
ketchup,cup
onion,piece
butter,tbsp
oregano,tsp
corn,piece
kale,g
bacon,kg
cinnamon,tsp
banana,piece
garlic,g
grape,piece
milk,cup
turmeric,g
raspberry,g
watermelon,piece
clove,g
flour,cup
soy sauce,tbsp
onion,g
raspberry,piece
soy sauce,cup
sausage,g
shrimp,kg
flour,cup
watermelon,piece
mayonnaise,l
banana,g
milk,l
carrot,g
lemon,piece
flour,tbsp
salt,g
lemon,piece
potato,piece
garlic,piece
clove,tsp
corn,piece
lamb,g
oregano,tsp
fish,oz
mustard,l
grape,g
soy sauce,l
onion,g
turmeric,tbsp
fish,oz
orange,piece
bacon,g
turmeric,tbsp
sugar,g
salt,g
fish,oz
lemon,g
spinach,g
corn,piece
bacon,lb
orange,piece
orange,piece
vinegar,l
corn,piece
nutmeg,tsp
sausage,lb
sugar,piece
cinnamon,g
oil,l
bread,cup
ketchup,l
fish,oz
lamb,g
bread,g
banana,piece
garlic,piece
egg,g
milk,tbsp
sugar,g
pasta,cup
garlic,piece
mustard,l
onion,piece
chicken,lb
parsley,cup
butter,ml
lamb,lb
pepper,tsp
ketchup,tbsp
pasta,g
ketchup,l
fish,g
grape,piece
nutmeg,g
lemon,piece
basil,cup
watermelon,g
chili powder,g
yogurt,tsp
fish,lb
flour,tbsp
sugar,piece
sugar,piece
sausage,lb
nutmeg,g
oil,ml
basil,cup
cream,tbsp
tomato,piece
clove,tsp
strawberry,g
shrimp,g
lamb,kg
oil,ml
milk,cup
lettuce,cup
oil,ml
orange,g
clove,tsp
butter,tbsp
clove,g
parsley,g
potato,g
fish,kg
cinnamon,tbsp
salt,tbsp
pasta,tbsp
grape,g
lamb,lb
cream,l
oregano,tsp
oil,ml
carrot,g
peas,piece
chicken,kg
beef,kg
bacon,oz
salt,g
bacon,lb
sausage,lb
rice,g
shrimp,g
pepper,g
pork,lb
lemon,g
cinnamon,g
yogurt,tsp
honey,l
beef,kg
mayonnaise,ml
orange,piece
mayonnaise,cup
egg,g
lemon,piece
cinnamon,g
shrimp,lb
beef,lb
mayonnaise,ml
carrot,piece
mustard,l
egg,piece
oil,cup
pork,oz
corn,piece
blueberry,g
shrimp,oz
garlic,piece
oregano,g
egg,g
chili powder,tsp
turmeric,tbsp
pasta,tbsp
pepper,tsp
honey,cup
apple,piece
sugar,g
honey,cup
sausage,g
spinach,g
clove,g
mayonnaise,cup
sausage,oz
chili powder,tbsp
clove,tbsp
clove,tbsp
yogurt,tsp
oregano,tsp
blueberry,g
milk,tbsp
mustard,cup
orange,piece
corn,piece
mayonnaise,ml
tomato,g
tomato,piece
vinegar,l
vinegar,cup
chicken,oz
corn,g
corn,g
pork,g
pork,lb
blueberry,piece
butter,ml
orange,piece
clove,tsp
banana,piece
pasta,g
rice,tbsp
peas,g
clove,g
garlic,g
kale,g
pepper,tsp
soy sauce,l
oregano,tbsp
chicken,lb
pepper,tsp
pasta,g
sugar,g
chili powder,tbsp
curry powder,tbsp
chicken,kg
lemon,g
orange,g
cinnamon,tsp
mayonnaise,ml
kale,cup
tomato,g
tomato,piece
cheese,g
banana,piece
chili powder,tbsp
blueberry,g
lemon,g
orange,g
lettuce,cup
fish,lb
tomato,g
peas,piece
beef,g
cinnamon,g
banana,g
lettuce,cup
potato,piece
lamb,oz
butter,tsp
ketchup,tbsp
parsley,cup
egg,g
thyme,g
corn,piece
flour,g
orange,g
potato,g
garlic,piece
pork,lb
pepper,tbsp
potato,g
oil,cup
cream,tbsp
yogurt,tbsp
clove,tbsp
watermelon,piece
garlic,piece
lemon,piece
lettuce,cup
mustard,l
onion,piece
corn,g
salt,tbsp
salt,tbsp
garlic,piece
yogurt,tbsp
fish,oz
clove,tbsp
lamb,g
tomato,g
basil,cup
flour,g
clove,tbsp
carrot,g
grape,piece
carrot,piece
shrimp,g
basil,cup
ketchup,ml
raspberry,piece
grape,g
bread,cup
oregano,tsp
chicken,oz
lamb,lb
watermelon,g
butter,tsp
oil,tbsp
pepper,tbsp
bread,g
bacon,lb
beef,g
soy sauce,ml
vinegar,l
apple,piece
carrot,piece
orange,piece
strawberry,piece
peas,g
flour,cup
salt,tsp
nutmeg,tbsp
beef,lb
spinach,cup
corn,g
peas,g
oregano,g
orange,piece
corn,g
raspberry,g
cinnamon,g
milk,cup
mayonnaise,ml
carrot,piece
bread,tbsp
nutmeg,tsp
pasta,cup
oregano,tbsp
nutmeg,tsp
blueberry,g
carrot,piece
pasta,cup
mustard,tbsp
flour,cup
pasta,g
strawberry,g
lamb,g
bacon,kg
egg,g
salt,tbsp
pork,lb
chicken,lb
cheese,g
honey,ml
peas,g
soy sauce,ml
shrimp,lb
blueberry,g
vinegar,tbsp
soy sauce,ml
pasta,g
sugar,piece
grape,g
shrimp,oz
kale,cup
lettuce,cup
honey,tbsp
oil,cup
cheese,g
tomato,g
chili powder,g
sausage,oz
strawberry,piece
tomato,g
tomato,g
curry powder,tbsp
bread,g
onion,piece
oil,cup
mayonnaise,tbsp
salt,g
oil,ml
kale,cup
lettuce,cup
potato,piece
kale,cup
sausage,kg
lime,g
lemon,piece
mustard,cup
yogurt,ml
raspberry,piece
honey,tbsp
orange,g
blueberry,g
grape,piece
basil,g
strawberry,g
salt,g
onion,g
soy sauce,l
basil,g
basil,g
bread,tbsp
soy sauce,l
lettuce,cup
parsley,g
mayonnaise,l
carrot,piece
cinnamon,tbsp
butter,ml
mustard,ml
mayonnaise,tbsp
blueberry,g
soy sauce,ml
clove,g
turmeric,g
pepper,tbsp
parsley,g
curry powder,tbsp
banana,g
lamb,g
watermelon,g
orange,piece
yogurt,tsp
kale,g
blueberry,piece
bread,tbsp
bread,g
basil,cup
garlic,g
orange,piece
yogurt,ml
soy sauce,ml
peas,piece
chili powder,tsp
milk,tbsp
sausage,kg
vinegar,cup
butter,ml
honey,ml
spinach,g
lamb,lb
clove,tbsp
potato,piece
bacon,lb
kale,g
strawberry,piece
basil,g
honey,l
honey,ml
blueberry,g
salt,tbsp
lemon,piece
cheese,g
flour,cup
pork,g
turmeric,g
tomato,g
egg,piece
milk,cup
raspberry,piece
clove,g
chili powder,tbsp
cream,cup
milk,cup
clove,tsp
sugar,piece
turmeric,tsp
grape,g
turmeric,g
ketchup,cup
spinach,g
corn,piece
milk,l
grape,g
spinach,cup
sugar,g
basil,cup
honey,ml
parsley,cup
chili powder,tbsp
carrot,g
sausage,g
lime,piece
parsley,g
turmeric,tbsp
chili powder,tsp
bread,cup
grape,piece
pasta,g
basil,cup
kale,cup
butter,tsp
thyme,g
lime,g
carrot,piece
peas,piece
cinnamon,tbsp
watermelon,g
milk,tbsp
mustard,cup
parsley,g
lamb,kg
tomato,piece
honey,l
cheese,piece
fish,lb
honey,cup
cream,ml
pasta,g
lemon,piece
onion,piece
vinegar,tbsp
egg,piece
pepper,tbsp
mustard,cup
pork,lb
clove,tbsp
thyme,tsp
flour,tbsp
carrot,piece
vinegar,ml
blueberry,piece
banana,piece
tomato,g
pork,lb
mayonnaise,tbsp
thyme,tbsp
cinnamon,g
spinach,g
butter,ml
cinnamon,tsp
rice,cup
onion,piece
oregano,tbsp
spinach,cup
strawberry,g
egg,piece
yogurt,tbsp
lime,piece
clove,tbsp
milk,l
cinnamon,tbsp
cream,tbsp
lime,g
kale,g
garlic,g
clove,g
potato,piece
potato,piece
apple,g
lamb,g
corn,g
pepper,tsp
sausage,g
banana,g
milk,tbsp
egg,g
lettuce,g
egg,piece
strawberry,piece
salt,tbsp
apple,g
thyme,g
pasta,tbsp
thyme,tbsp
kale,g
soy sauce,l
salt,tbsp
mustard,ml
blueberry,g
banana,piece
pasta,g
vinegar,ml
basil,cup
thyme,tsp
garlic,g
lemon,piece
banana,g
salt,g
butter,tsp
strawberry,g
kale,cup
bacon,lb
butter,ml
cheese,g
orange,piece
raspberry,piece
ketchup,l
ketchup,ml
parsley,cup
chicken,oz
milk,cup
bacon,kg
chili powder,g
milk,tbsp
potato,piece
kale,cup
spinach,cup
beef,kg
cream,tbsp
bacon,lb
watermelon,piece
mustard,l
vinegar,tbsp
turmeric,tbsp
fish,g
cream,ml
mayonnaise,tbsp
pepper,tbsp
sausage,kg
vinegar,cup
sausage,lb
bread,cup
apple,g
corn,piece
sugar,g
lime,piece
kale,g
bread,g
garlic,piece
orange,piece
mustard,cup
clove,tbsp
sugar,piece
honey,l
shrimp,kg
lime,g
kale,cup
cinnamon,tsp
sugar,g
ketchup,ml
bacon,lb
spinach,g
oil,ml
curry powder,tbsp
onion,g
pasta,cup
basil,g
raspberry,g
corn,g
shrimp,oz
honey,cup
pork,lb
fish,kg
pork,kg
banana,g
chili powder,tsp
curry powder,tsp
lettuce,cup
cream,cup
onion,piece
raspberry,piece
chili powder,tsp
spinach,g
mustard,l
flour,cup
banana,piece
cream,tbsp
raspberry,piece
pepper,tbsp
watermelon,g
shrimp,kg
blueberry,g
soy sauce,l
tomato,piece
sugar,g
oregano,g
onion,piece
flour,cup
oil,ml
bread,g
mustard,cup
cinnamon,tsp
peas,g
orange,g
oil,ml
carrot,g
bread,cup
milk,l
pasta,cup
salt,tsp
lamb,oz
garlic,g
basil,g
turmeric,tbsp
peas,g
lemon,piece
thyme,tsp
orange,g
flour,tbsp
ketchup,tbsp
kale,cup
garlic,piece
egg,g
oil,ml
mustard,cup
cheese,g
egg,g
bacon,lb
bacon,g
yogurt,tbsp
garlic,g
bacon,g
thyme,tbsp
egg,piece
fish,g
fish,g
vinegar,cup
grape,piece
egg,g
thyme,g
banana,g
cheese,piece
peas,piece
fish,oz
spinach,cup
mustard,tbsp
pepper,g
chicken,kg
oil,tbsp
spinach,cup
bread,tbsp
pasta,g
banana,piece
soy sauce,tbsp
nutmeg,tsp
bacon,oz
garlic,piece
clove,tsp
chili powder,tbsp
thyme,tbsp
fish,kg
carrot,piece
lamb,g
chili powder,tsp
potato,g
peas,g
fish,oz
cream,cup
apple,piece
ketchup,tbsp
lamb,kg
milk,l
banana,g
mustard,cup
oil,l
cinnamon,g
nutmeg,g
bread,g
clove,tbsp
rice,cup
pork,kg
salt,g
mustard,ml
mustard,ml
lime,g
vinegar,ml
sausage,g
watermelon,g
shrimp,g
garlic,piece
orange,piece
nutmeg,tbsp
grape,piece
lettuce,g
parsley,g
soy sauce,ml
bacon,g
bacon,oz
basil,cup
grape,g
sugar,piece
strawberry,piece
nutmeg,tbsp
raspberry,piece
shrimp,kg
honey,cup
ketchup,l
honey,cup
shrimp,lb
flour,tbsp
bread,cup
orange,g
lime,piece
basil,cup
pasta,cup
pepper,tbsp
pork,lb
bacon,oz
bacon,oz
basil,g
beef,oz
turmeric,g
beef,g
butter,tbsp
lettuce,cup
basil,g
cheese,piece
turmeric,g
clove,g
sugar,g
thyme,tsp
grape,piece
raspberry,g
onion,g
fish,lb
lettuce,g
pasta,cup
carrot,piece
honey,ml
vinegar,ml
shrimp,lb
lemon,g
clove,g
ketchup,tbsp
cinnamon,tbsp
egg,g
nutmeg,tsp
cheese,g
beef,oz
cream,tbsp
beef,kg
ketchup,tbsp
turmeric,g
orange,piece
grape,piece
lime,g
vinegar,cup
banana,g
parsley,cup
thyme,g
mustard,cup
peas,g
grape,piece
pork,kg
peas,g
honey,tbsp
vinegar,ml
tomato,g
salt,tbsp
pasta,cup
apple,g
lamb,lb
shrimp,g
pork,g
basil,g
cinnamon,tsp
curry powder,tbsp
watermelon,g
yogurt,tsp
potato,piece
lime,piece
garlic,g
salt,tsp
basil,cup
nutmeg,g
garlic,piece
raspberry,piece
bread,tbsp
salt,g
peas,g
sugar,piece
beef,g
milk,cup
milk,l
milk,ml
pepper,g
oregano,tbsp
sugar,piece
cinnamon,g
raspberry,g
bacon,oz
garlic,g
onion,g
thyme,tsp
oregano,tbsp
orange,piece
turmeric,g
thyme,tbsp
mustard,tbsp
watermelon,piece
watermelon,piece
mustard,ml
parsley,g
apple,piece
milk,l
blueberry,piece
blueberry,piece
clove,tsp
egg,g
turmeric,g
basil,g
soy sauce,cup
egg,g
lamb,oz
pork,oz
beef,g
cheese,g
beef,kg
turmeric,tsp
kale,cup
egg,piece
blueberry,piece
beef,g
oil,cup
kale,cup
watermelon,piece
lamb,lb
lime,piece
cinnamon,tbsp
milk,tbsp
thyme,tsp
curry powder,g
basil,g
fish,kg
sugar,g
rice,tbsp
curry powder,tsp
thyme,tsp
raspberry,piece
milk,l
pork,lb
shrimp,lb
curry powder,tbsp
peas,g
lamb,g
beef,g
bread,tbsp
banana,g
bread,tbsp
chicken,lb
honey,cup
grape,g
beef,lb
clove,tsp
sugar,g
soy sauce,ml
pasta,tbsp
pork,lb
salt,g
cream,tbsp
lime,piece
lettuce,cup
peas,g
oil,l
clove,tbsp
parsley,g
tomato,piece
vinegar,tbsp
butter,ml
cheese,piece
lamb,lb
orange,g
lemon,piece
cream,l
fish,g
shrimp,lb
flour,g
pasta,tbsp
fish,oz
lettuce,cup
corn,g
lamb,lb
fish,kg
vinegar,tbsp
kale,cup
chicken,kg
basil,cup
milk,ml
blueberry,g
lettuce,g
cinnamon,g
turmeric,g
watermelon,piece
lettuce,cup
apple,piece
cheese,g
pork,kg
lemon,g
curry powder,g
raspberry,g
bacon,oz
nutmeg,tsp
fish,oz
shrimp,g
basil,g
pasta,tbsp
fish,lb
apple,g
turmeric,g
yogurt,tbsp
pasta,tbsp
sugar,g
ketchup,cup
shrimp,lb
oregano,tsp
kale,cup
cheese,g
nutmeg,tbsp
garlic,g
soy sauce,l
chicken,g
butter,tbsp
chili powder,tsp
bread,g
peas,piece
lemon,g
basil,g
onion,g
apple,piece
cream,tbsp
garlic,piece
vinegar,ml
honey,tbsp
flour,g
oil,tbsp
egg,g
sausage,lb
sugar,g
bread,tbsp
carrot,piece
curry powder,tbsp
salt,g
cheese,g
lemon,piece
onion,g
shrimp,oz
grape,g
pepper,g
vinegar,cup
tomato,g
egg,g
butter,tsp
beef,lb
oregano,tsp
potato,g
lime,piece
mayonnaise,ml
lemon,piece
clove,tbsp
watermelon,piece
sausage,kg
milk,cup
corn,piece
cheese,piece
rice,g
parsley,cup
butter,ml
cream,cup
banana,piece
mustard,tbsp
grape,g
shrimp,g
mustard,ml
raspberry,g
lime,g
blueberry,g
yogurt,tbsp
lime,piece
oil,ml
salt,g
rice,cup
soy sauce,l
cinnamon,g
yogurt,tbsp
thyme,tsp
salt,tbsp
oregano,tsp
tomato,g
orange,piece
soy sauce,l
lemon,piece
lettuce,cup
pasta,tbsp
butter,tbsp
potato,g
bacon,lb
salt,g
bread,cup
grape,g
yogurt,ml
chili powder,tsp
clove,tsp
orange,piece
orange,g
chicken,oz
rice,g
lamb,g
lemon,piece
beef,oz
ketchup,l
lettuce,g
sausage,lb
rice,tbsp
lamb,oz
cheese,piece
raspberry,g
vinegar,tbsp
salt,g
honey,cup
parsley,g
honey,ml
strawberry,g
chili powder,tsp
garlic,g
mustard,l
blueberry,g
clove,g
blueberry,g
potato,piece
onion,g
fish,oz
curry powder,g
basil,cup
parsley,g
chili powder,tsp
lamb,kg
honey,l
pasta,cup
lemon,g
onion,piece
kale,g
raspberry,g
turmeric,g
mayonnaise,l
lettuce,cup
tomato,g
chicken,lb
tomato,piece
lamb,g
thyme,g
chicken,oz
oil,l
mustard,ml
sugar,piece
basil,g
thyme,g
chicken,kg
corn,piece
corn,piece
salt,g
apple,g
oil,l
cinnamon,tbsp
onion,g
turmeric,tbsp
blueberry,piece
butter,ml
shrimp,g
carrot,g
garlic,g
onion,piece
grape,g
pepper,tbsp
lime,piece
pepper,tbsp
basil,g
blueberry,piece
beef,lb
lettuce,g
spinach,cup
peas,piece
egg,g
beef,lb
yogurt,ml
honey,l
rice,g
chicken,g
kale,cup
pepper,tbsp
kale,g
thyme,tsp
mayonnaise,l
turmeric,tbsp
milk,ml
garlic,g
garlic,g
orange,piece
turmeric,tbsp
oil,tbsp
cream,l
butter,tbsp
sugar,g
lamb,kg
lime,piece
beef,oz
thyme,tbsp
spinach,g
flour,g
sausage,lb
mustard,l
salt,tbsp
apple,g
orange,g
parsley,g
ketchup,cup
pepper,tsp
rice,g
oil,tbsp
yogurt,ml
blueberry,g
turmeric,g
curry powder,tsp
tomato,g
potato,piece
orange,g
egg,piece
oregano,g
corn,g
parsley,cup
honey,tbsp
corn,g
sausage,oz
watermelon,g
shrimp,oz
banana,g
raspberry,piece
bacon,kg
salt,tbsp
mustard,ml
blueberry,g
grape,piece
lemon,piece
cheese,g
thyme,tbsp
thyme,g
cream,tbsp
chicken,lb
spinach,cup
mayonnaise,l
spinach,g
carrot,piece
honey,cup
rice,cup
vinegar,cup
lime,piece
orange,g
chicken,lb
mayonnaise,cup
grape,piece
thyme,tsp
nutmeg,g
sausage,lb
blueberry,g
corn,piece
grape,g
orange,piece
cinnamon,g
corn,piece
peas,piece
sausage,kg
fish,lb
lime,piece
tomato,g
pepper,g
potato,piece
clove,tsp
onion,g
mustard,ml
grape,piece
milk,tbsp
strawberry,g
sugar,piece
blueberry,piece
cinnamon,tbsp
oil,ml
apple,piece
parsley,cup
grape,piece
honey,ml
peas,piece
chicken,oz
orange,g
fish,g
vinegar,l
rice,tbsp
oil,ml
cream,cup
flour,tbsp
chicken,g
milk,l
corn,g
tomato,g
turmeric,g
oil,ml
kale,g
yogurt,tsp
rice,g
turmeric,tbsp
cream,ml
milk,tbsp
shrimp,lb
pasta,tbsp
bread,cup
lettuce,g
ketchup,cup
orange,g
curry powder,tsp
yogurt,tbsp
salt,tbsp
peas,piece
corn,g
egg,piece
pepper,tbsp
corn,piece
grape,g
pepper,tbsp
clove,tbsp
pepper,tsp
pasta,tbsp
apple,piece
lettuce,g
sugar,g
oil,tbsp
peas,g
milk,l
soy sauce,ml
blueberry,piece
onion,piece
yogurt,tbsp
peas,g
mustard,ml
grape,g
mayonnaise,cup
salt,tsp
oregano,tbsp
onion,g
curry powder,tbsp
lime,g
raspberry,g
pasta,tbsp
sausage,lb
vinegar,l
bread,tbsp
cheese,g
mustard,cup
soy sauce,ml
pork,lb
basil,cup
milk,cup
oregano,tbsp
pork,g
cream,ml
thyme,tsp
banana,g
curry powder,g
sugar,g
mustard,l
pork,kg
cheese,g
thyme,tbsp
onion,piece
mustard,l
butter,tsp
flour,cup
strawberry,g
raspberry,piece
cinnamon,tbsp
flour,g
lettuce,cup
potato,piece
spinach,g
grape,g
turmeric,tbsp
cheese,g
bacon,lb
sausage,g
corn,g
thyme,g
raspberry,piece
potato,piece
garlic,g
banana,g
potato,piece
rice,cup
orange,g
thyme,tbsp
basil,cup
soy sauce,tbsp
kale,cup
milk,l
curry powder,tsp
egg,g
yogurt,tbsp
potato,g
garlic,piece
chili powder,g
corn,g
milk,ml
soy sauce,tbsp
chili powder,g
cheese,piece
milk,l
peas,g
flour,cup
soy sauce,cup
cheese,g
chili powder,g
bacon,kg
cinnamon,tbsp
kale,cup
peas,g
spinach,g
beef,lb
oil,ml
sausage,kg
spinach,cup
grape,piece
turmeric,g
honey,ml
sugar,piece
mustard,l
chili powder,tbsp
egg,piece
mayonnaise,ml
raspberry,piece
beef,lb
clove,tsp
oil,l
oil,ml
nutmeg,tsp
shrimp,lb
oregano,tbsp
cinnamon,tsp
apple,g
clove,tsp
milk,tbsp
banana,piece
shrimp,lb
pork,lb
carrot,piece
fish,kg
pasta,tbsp
clove,tbsp
spinach,cup
banana,g
cream,l
pepper,g
ketchup,ml
sugar,piece
pepper,g
onion,g
onion,piece
bacon,lb
banana,piece
strawberry,piece
shrimp,g
curry powder,tsp
fish,g
oregano,tsp
oregano,tbsp
peas,piece
mustard,l
yogurt,tsp
bacon,oz
pasta,tbsp
pepper,tsp
grape,piece
mayonnaise,tbsp
rice,g
parsley,cup
mayonnaise,tbsp
kale,cup
chili powder,tbsp
bacon,g
shrimp,oz
orange,piece
butter,ml
shrimp,oz
bacon,kg
cream,l
banana,piece
ketchup,l
nutmeg,tsp
rice,tbsp
sugar,g
watermelon,piece
chicken,lb
lime,g
oregano,tbsp
lime,g
yogurt,tbsp
pepper,tbsp
kale,cup
salt,tsp
corn,g
sausage,kg
sausage,kg
pepper,tsp
mayonnaise,ml
blueberry,g
egg,g
thyme,tbsp
mustard,tbsp
lime,g
cheese,g
salt,tsp
spinach,cup
sugar,piece
banana,g
cheese,piece
ketchup,ml
chili powder,tbsp
flour,tbsp
mustard,l
potato,piece
sugar,g
onion,g
onion,g
sugar,piece
egg,piece
curry powder,tbsp
chicken,lb
curry powder,g
bacon,kg
yogurt,tbsp
vinegar,l
pepper,g
curry powder,g
banana,piece
clove,g
lettuce,cup
flour,tbsp
oregano,g
watermelon,piece
rice,g
blueberry,g
soy sauce,ml
blueberry,piece
rice,tbsp
honey,tbsp
lamb,oz
honey,tbsp
pasta,tbsp
curry powder,tsp
carrot,piece
beef,kg
basil,g
cheese,piece
onion,g
peas,g
ketchup,ml
lime,piece
turmeric,tsp
garlic,g
orange,g
watermelon,piece
curry powder,g
honey,l
orange,piece
beef,g
butter,tsp
cinnamon,g
milk,cup
clove,tbsp
pasta,g
sausage,g
thyme,g
kale,cup
peas,g
beef,kg
bacon,g
kale,g
rice,cup
sugar,g
chili powder,tsp
pork,oz
cream,cup
carrot,g
kale,cup
fish,oz
bread,cup
raspberry,g
raspberry,g
bacon,kg
orange,piece
garlic,piece
grape,g
cheese,g
lime,piece
yogurt,tsp
blueberry,piece
potato,piece
thyme,tsp
soy sauce,l
bread,tbsp
garlic,piece
kale,g
mayonnaise,tbsp
flour,g
butter,tbsp
basil,g
rice,cup
soy sauce,ml
pepper,tsp
lemon,piece
mustard,ml
honey,cup
spinach,cup
oregano,g
mustard,ml
kale,cup
blueberry,piece
grape,g
lettuce,cup
cheese,g
spinach,g
potato,piece
nutmeg,tsp
lime,g
oil,l
beef,oz
bread,g
watermelon,g
orange,g
tomato,piece
pasta,cup
strawberry,piece
fish,kg
shrimp,g
grape,piece
pork,lb
clove,tbsp
chili powder,tbsp
spinach,cup
watermelon,g
bread,tbsp
vinegar,l
salt,tsp
turmeric,g
spinach,g
orange,piece
oregano,tsp
cream,cup
milk,l
blueberry,piece
fish,g
turmeric,tsp
raspberry,piece
kale,cup
nutmeg,tbsp
spinach,cup
salt,tsp
butter,ml
flour,g
pepper,g
nutmeg,tbsp
lemon,piece
pork,kg
cream,cup
lettuce,g
lettuce,g
banana,piece
lettuce,g
blueberry,piece
bacon,oz
mustard,cup
nutmeg,tsp
rice,tbsp
bread,cup
thyme,tbsp
honey,l
fish,oz
sausage,g
blueberry,piece
cinnamon,tsp
oil,l
onion,g
nutmeg,tbsp
nutmeg,g
yogurt,tsp
turmeric,g
watermelon,g
mayonnaise,tbsp
milk,tbsp
honey,ml
lettuce,cup
ketchup,l
yogurt,ml
egg,g
chicken,lb
cheese,g
oil,l
carrot,piece
parsley,cup
rice,tbsp
apple,g
tomato,g
blueberry,piece
oil,l
pasta,cup
vinegar,tbsp
parsley,cup
pepper,g
thyme,tbsp
watermelon,piece
oregano,g
nutmeg,g
clove,tsp
salt,g
banana,piece
salt,tsp
onion,g
onion,piece
lemon,piece
carrot,g
corn,g
parsley,cup
tomato,g
shrimp,kg
basil,cup
yogurt,tbsp
flour,g
flour,g
basil,g
chili powder,tsp
peas,piece
potato,g
strawberry,piece
orange,g
banana,g
honey,ml
parsley,g
watermelon,piece
cream,tbsp
pepper,tsp
pasta,cup
corn,piece
blueberry,g
chicken,kg
beef,g
sugar,g
onion,g
butter,tbsp
bacon,oz
curry powder,g
chicken,oz
chicken,g
banana,g
flour,tbsp
cheese,g
strawberry,piece
ketchup,tbsp
grape,g
vinegar,ml
flour,cup
sausage,lb
mayonnaise,cup
banana,piece
soy sauce,tbsp
spinach,g
mayonnaise,tbsp
curry powder,tbsp
bread,tbsp
vinegar,tbsp
chili powder,g
parsley,g
egg,piece
cinnamon,g
flour,tbsp
strawberry,g
honey,tbsp
peas,g
lamb,g
beef,oz
carrot,g
flour,tbsp
turmeric,tsp
lime,g
orange,g
oil,tbsp
oregano,tbsp
yogurt,ml
clove,tbsp
lemon,piece
apple,piece
banana,g
pork,oz
oil,ml
turmeric,g
parsley,cup
ketchup,cup
lemon,piece
potato,g
curry powder,g
corn,piece
oregano,tbsp
corn,piece
cinnamon,tbsp
clove,tsp
lettuce,g
pepper,tsp
sugar,g
watermelon,g
nutmeg,g
corn,g
mustard,cup
bacon,oz
butter,tsp
lemon,g
lemon,piece
lime,g
mustard,ml
lettuce,g
rice,cup
lettuce,g
mustard,tbsp
cream,ml
mustard,tbsp
clove,tsp
milk,ml
lime,piece
pork,kg
shrimp,lb
sausage,g
orange,g
beef,kg
orange,g
turmeric,tbsp
oil,ml
soy sauce,l
tomato,g
bacon,lb
honey,ml
mayonnaise,tbsp
garlic,piece
raspberry,g
grape,piece
peas,piece
oil,l
curry powder,tsp
strawberry,g
banana,piece
mayonnaise,l
honey,ml
corn,g
milk,tbsp
yogurt,tbsp
cream,tbsp
mayonnaise,cup
fish,kg
vinegar,cup
egg,piece
basil,cup
flour,cup
chili powder,g
soy sauce,cup
milk,ml
clove,tsp
egg,g
vinegar,ml
pepper,tbsp
mustard,ml
kale,g
onion,piece
watermelon,piece
mayonnaise,cup
salt,tsp
butter,tsp
clove,tbsp
pasta,cup
turmeric,tbsp
onion,g
egg,piece
basil,g
clove,g
rice,cup
banana,g
bacon,g
mayonnaise,cup
clove,tsp
sugar,piece
parsley,cup
strawberry,piece
salt,tbsp
basil,g
turmeric,tsp
egg,piece
cinnamon,tsp
soy sauce,l
banana,piece
lemon,piece
carrot,g
pasta,tbsp
soy sauce,l
spinach,cup
bacon,oz
strawberry,g
cheese,piece
salt,tsp
blueberry,g
yogurt,ml
oregano,g
lamb,oz
parsley,g
banana,g
kale,cup
watermelon,piece
butter,ml
curry powder,tsp
ketchup,cup
oil,ml
pork,g
cream,cup
garlic,piece
beef,lb
egg,g
lamb,lb
rice,g
pepper,g
curry powder,tbsp
onion,g
kale,g
cream,cup
nutmeg,tsp
kale,g
butter,tbsp
pasta,cup
clove,tbsp
blueberry,g
oregano,g
beef,g
tomato,g
garlic,piece
banana,g
turmeric,g
lime,piece
lemon,g
sausage,lb
orange,piece
fish,lb
grape,g
orange,piece
basil,cup
nutmeg,g
curry powder,tsp
blueberry,piece
bacon,lb
pepper,g
raspberry,piece
sausage,kg
strawberry,g
oregano,tbsp
sugar,g
curry powder,tsp
chicken,g
watermelon,piece
strawberry,g
cinnamon,tbsp
cream,cup
peas,piece
salt,tbsp
chicken,kg
chili powder,g
curry powder,tsp
honey,ml
curry powder,g
salt,tbsp
butter,ml
shrimp,g
grape,g
vinegar,cup
mustard,tbsp
butter,tbsp
potato,piece
strawberry,g
nutmeg,tsp
bacon,oz
corn,g
peas,g
oil,cup
fish,kg
tomato,piece
raspberry,piece
pork,oz
grape,piece
chicken,lb
chicken,kg
basil,cup
mustard,l
spinach,cup
potato,g
vinegar,ml
orange,g
lettuce,cup
sugar,piece
sausage,g
tomato,g
garlic,g
ketchup,tbsp
spinach,cup
potato,piece
strawberry,piece
clove,tsp
milk,cup
mayonnaise,l
banana,g
banana,piece
peas,piece
banana,piece
fish,g
onion,g
mayonnaise,cup
oregano,g
carrot,g
clove,g
shrimp,lb
watermelon,piece
peas,piece
potato,piece
curry powder,tbsp
shrimp,lb
strawberry,piece
salt,g
fish,g
sausage,kg
pasta,cup
vinegar,l
ketchup,tbsp
rice,tbsp
flour,g
turmeric,tsp
kale,g
thyme,tbsp
shrimp,kg
pepper,g
oregano,tbsp
raspberry,piece
curry powder,tsp
oil,tbsp
mustard,ml
egg,piece
chili powder,tsp
lime,piece
strawberry,g
vinegar,l
watermelon,piece
parsley,cup
pepper,g
soy sauce,tbsp
clove,tbsp
mustard,tbsp
pork,oz
chili powder,g
curry powder,tbsp
peas,piece
sugar,piece
cheese,g
kale,cup
pepper,tsp
ketchup,cup
turmeric,g
strawberry,g
bread,cup
butter,ml
egg,g
onion,piece
apple,piece
orange,g
chili powder,g
watermelon,g
lamb,g
thyme,tsp
bacon,kg
garlic,g
potato,piece
fish,lb
oil,tbsp
apple,piece
parsley,cup
butter,tbsp
cheese,g
shrimp,kg
fish,kg
blueberry,g
orange,piece
honey,ml
egg,g
thyme,tbsp
lettuce,g
cream,cup
beef,lb
mayonnaise,l
thyme,tsp
spinach,g
oil,l
ketchup,tbsp
raspberry,piece
peas,piece
carrot,piece
basil,cup
beef,oz
banana,piece
basil,g
curry powder,tbsp
turmeric,tsp
yogurt,tbsp
cinnamon,tsp
soy sauce,cup
strawberry,piece
grape,g
chili powder,tsp
cream,tbsp
clove,tsp
tomato,piece
watermelon,piece
raspberry,piece
mayonnaise,l
salt,tbsp
apple,piece
lamb,lb
cinnamon,tbsp
egg,piece
oregano,tbsp
kale,g
grape,g
watermelon,piece
cream,l
basil,g
spinach,cup
chicken,kg
cream,tbsp
cheese,piece
bacon,oz
lamb,oz
potato,g
tomato,g
parsley,cup
salt,g
peas,piece
raspberry,g
fish,kg
corn,g
lettuce,cup
oregano,tsp
sugar,g
nutmeg,tsp
watermelon,piece
salt,tbsp
cream,tbsp
sausage,g
flour,cup
sugar,piece
blueberry,g
oregano,g
carrot,piece
watermelon,piece
raspberry,piece
shrimp,oz
milk,l
yogurt,tsp
nutmeg,tsp
pork,kg
nutmeg,tsp
carrot,g
nutmeg,tbsp
curry powder,g
oil,ml
milk,l
banana,piece
flour,tbsp
thyme,tbsp
salt,g
strawberry,g
nutmeg,tbsp
grape,g
mustard,tbsp
lettuce,cup
fish,kg
salt,g
mustard,tbsp
cream,cup
shrimp,oz
lime,piece
curry powder,g
egg,g
lime,g
curry powder,tbsp
cheese,piece
milk,tbsp
mayonnaise,ml
butter,tbsp
salt,tsp
nutmeg,g
kale,g
milk,tbsp
basil,cup
corn,g
oregano,g
garlic,g
cream,l
tomato,piece
raspberry,g
egg,g
kale,g
orange,piece
potato,piece
curry powder,tbsp
soy sauce,l
shrimp,lb
flour,tbsp
orange,g
mustard,tbsp
mustard,l
thyme,tbsp
vinegar,cup
onion,g
ketchup,cup
vinegar,ml
